idpregunta,category,value,question,choice_a,choice_b,choice_c,choice_d,answer,Unnamed: 9
5,Gestión Pública,100,"¿Qué es el proceso de dirección de la sociedad, estructurado institucional y técnicamente?",La gobernación/gobernanza.,El gobierno.,El sistema político.,La administración pública.,a,
1,Gestión Pública,100,¿De quiénes ha sido en gran medida el concepto de gobernanza?,De las empresas privadas.,De los organismos internacionales.,De los investigadores académicos.,De los gobiernos locales.,c,
9,Gestión Pública,100,Significa básicamente el conjunto de actividades directivas y operativas que múltiples agentes llevan a cabo para realizar de manera eficiente las decisiones que la alta dirección de una organización ha tomado,La administración.,La gestión institucional.,La gobernanza.,La política pública.,a,
10,Gestión Pública,100,"¿Qué tuvo como propósito prioritario y resultado relativamente rápido el redimensionamiento del Estado, la reducción draconiana de su crecido aparato administrativo, de sus empresas y sus territorios de intervención?",La globalización.,La política social.,La reforma administrativa.,La modernización económica.,c,
8,Gestión Pública,100,¿En qué año fueron publicadas las primeras normas internacionales de gestión de la calidad?,En 1975.,En 1980.,En 1987.,En 1994.,c,
4,Gestión Pública,100,"Es el resultado y el testigo de la transición ocurrida de “un Estado unitario a un régimen diferenciado""",El Estado moderno.,La política pública.,La nueva gobernanza.,La nueva gobernanza.,c,
15,Gestión Pública,100,¿Qué factores propiciaron la derrota política de los laboristas en el Reino Unido?,El aumento del empleo y la productividad.,La expansión del bienestar social.,La estabilidad económica.,"El agotamiento de la política de empleo, bienestar y seguridad social.",c,
11,Gestión Pública,100,¿Quiénes propusieron una definición genérica de la Nueva Gestión Pública?,Ch. Pollitt y G. Bouckaert.,Drucker y Mintzberg.,Hood y Peters.,Osborne y Gaebler.,a,
2,Gestión Pública,100,¿En qué contexto comenzó a tomar forma la cuestión y el concepto de gobernanza desde el punto de vista disciplinar?,En el contexto de la teoría de sistemas sociales,En el contexto del análisis de las políticas públicas.,En el contexto de la administración privada.,En el contexto de la economía política internacional.,b,
7,Gestión Pública,100,¿Cuáles fueron las reformas de los años ochenta que tuvieron su origen en las dificultades que enfrentaban los Estados sociales para sostener el crecimiento económico y el bienestar social?,Las reformas fiscales.,Las reformas políticas.,Las reformas educativas.,Las reformas administrativas.,d,
13,Gestión Pública,100,"¿Qué modelo destaca el rol del Estado y del gobierno como prestadores de servicios con eficiencia y calidad, considerando a los ciudadanos como consumidores, usuarios y clientes de productos públicos?",El modelo de Estado social.,El modelo de Estado supermercado.,El modelo de Estado democrático.,El modelo de Estado administrativo.,b,
3,Gestión Pública,100,¿Cuál fue el mérito de Jan Kooiman respecto al concepto de gobernanza?,Haber creado organismos internacionales.,Haber impulsado reformas económicas.,Haber propuesto una nueva teoría política.,Haber sido el primero en llamar la atención sobre el cambio en el equilibrio entre el gobierno y la sociedad.,d,
14,Gestión Pública,100,"¿Cuál es el modelo que se sustenta en tres conjuntos de variables independientes: factores de entorno, factores cultural-administrativos y factores políticos?",El modelo explicativo.,El modelo de gestión pública.,El modelo de gobernanza.,El modelo de Estado soberano.,a,
6,Gestión Pública,100,¿Cuál es una de las características del concepto de gobernación?,La separación absoluta entre lo público y lo privado.,Implica un conjunto de instituciones y actores que se encuentran dentro y fuera del gobierno.,La concentración del poder únicamente en el Estado.,La exclusión de actores externos al gobierno.,b,
12,Gestión Pública,100,"¿Qué modelo corresponde a un Estado centralizado que busca asegurar la vigencia de los valores colectivos mediante el imperio de la ley, una burocracia experta y un liderazgo político sometido al control ciudadano?",El modelo de Estado liberal.,El modelo de Estado democrático.,El modelo de Estado social.,El modelo de Estado actual.,c,
26,Gestión Pública,200,¿Cuál de los siguientes es un componente típico de la gestión del gasto público?,"Presupuestación, control y sistemas de información ",Diseño de logos institucionales,Prohibición de auditorías externas,Exclusión de la ciudadanía del proceso presupuestario,a,
29,Gestión Pública,200,¿Cuál de los siguientes retos es frecuente en la gestión pública aplicada en México?,Exceso de recursos humanos calificados,Transparencia perfecta sin problemas,"Corrupción, burocracia y falta de evaluación de resultados ",Ausencia completa de leyes,c,
27,Gestión Pública,200,¿Qué principio es fundamental para la modernización de la administración pública en México?,Secreto institucional,Centralización total,Exclusión de la evaluación,Profesionalización del servicio público ,d,
23,Gestión Pública,200,La reforma de la “Nueva Gerencia Pública” en México implicó principalmente:,Fortalecer el centralismo estatal,Introducir mecanismos de gestión privada en el sector público ,Eliminar los servicios sociales del Estado,Aumentar los impuestos sin evaluación de impacto,b,
21,Gestión Pública,200,¿Cuál es el propósito central de la gestión pública en el contexto mexicano?,Maximizar beneficios económicos para el estado,Incrementar el poder político del ejecutivo,Satisfacer las necesidades públicas mediante servicios eficientes y transparentes ,Privatizar la mayor parte de los servicios públicos,c,
22,Gestión Pública,200,¿Cuál de los siguientes instrumentos legales es clave para la transparencia y rendición de cuentas en México?,Ley Federal del Trabajo,Ley Federal de Transparencia y Acceso a la Información Pública Gubernamental ,Ley de Asociaciones Religiosas,Ley de Propiedad Industrial,b,
25,Gestión Pública,200,¿Cuál es una prioridad en la evaluación de políticas y programas públicos en el ámbito mexicano?,Reducir el número de servidores públicos a la mitad,Asegurar que los programas generen valor público ,Sustituir al gobierno por el sector privado,Incrementar el gasto público sin resultados,b,
28,Gestión Pública,200,"En el contexto mexicano, ¿qué rol tiene la participación ciudadana en la gestión pública?","Ninguno, está prohibida",Es decorativa sin impacto,Permite la co-creación de políticas públicas y mejora de la eficiencia ,Sólo se utiliza para campañas electorales,c,
19,Gestión Pública,200,"¿Tanto en el sector público como en el privado, el resultado de la diferencia que establece una organización en su “cadena/sistema de valor” respecto de otros agentes en virtud de sus “competencias centrales” se denomina cómo?",Estrategia.,Gobernanza.,Posicionamiento.,Planeación estratégica.,c,
24,Gestión Pública,200,"En México, ¿qué programa promovió una administración pública “accesible, moderna y eficiente” en los años 90?",Programa de Desarrollo Urbano,Programa de Modernización de la Administración Pública ,Programa Nacional de Seguridad Pública,Programa de Justicia Penal,b,
20,Gestión Pública,200,"¿En qué consiste, en un primer momento, el identificar y calcular el posicionamiento de la organización en su sector de actividad?",La planeación operativa.,La gestión administrativa,La gestión administrativa,La evaluación de desempeño institucional.,c,
16,Gestión Pública,200,¿Quién acuñó por primera vez la expresión “Consenso de Santiago”?,Un grupo de economistas latinoamericanos.,El secretario general de la ONU.,"El presidente del Banco Mundial, James D. Wolfensohn.",El presidente de Chile.,c,
17,Gestión Pública,200,¿Qué ha sido uno de los giros importantes de las ciencias sociales en la segunda mitad del siglo XX?,La centralización del poder político.,Modelar el comportamiento de los actores públicos al modo de los actores de mercado.,La desaparición del mercado en la economía.,La reducción del papel de los actores públicos.,b,
18,Gestión Pública,200,¿Cuál ha sido la manifestación más conocida y generalizada de los estudios contemporáneos sobre la estrategia a partir de los años sesenta del siglo XX?,La administración por objetivos,La gestión pública moderna.,El liderazgo organizacional.,La planeación estratégica.,d,
38,Gestión Pública,300,¿Cuál de los siguientes instrumentos sirve para conocer la voz de la ciudadanía en la gestión pública mexicana?,Encuestas de satisfacción ciudadana,Auditorías internas,Auditorías internas,Ninguno salvo los medios de comunicación,a,
43,Gestión Pública,300,¿Qué implica la rendición de cuentas en el contexto de la gestión pública en México?,Que el gobierno no presenta informes,"Que los ciudadanos tienen información, se evalúa la actuación estatal y se sancionan irregularidades ",Que solo el ejecutivo evalúa sin control externo,Que se oculta la información,b,
39,Gestión Pública,300,¿Qué rol juega la tecnología de la información en la gestión pública aplicada en México?,"Ninguno, es irrelevante",Solo para correo electrónico,"Facilita la digitalización de servicios, mejora la transparencia y la eficiencia ",Solo como sistema de vigilancia,c,
42,Gestión Pública,300,¿Cómo contribuye la gestión de riesgos en la administración pública mexicana?,No se usa en el sector público,"Sirve para anticipar, mitigar y gestionar posibles fallas en políticas y procesos ",Solo para desastres naturales,Solo para empresas privadas,b,
31,Gestión Pública,300,¿Cómo se define “valor público” en la gestión pública?,Exclusivamente en términos de ingresos,Solo como beneficio para el ejecutivo,Como los beneficios que los ciudadanos obtienen del actuar gubernamental ,Únicamente la privatización de servicios,c,
41,Gestión Pública,300,"En el ámbito mexicano, ¿qué es un “programa social” desde la gestión pública?",Una actividad privada sin presupuesto,"Una política estatal con objetivos sociales, recursos asignados y mecanismos de gestión ",Una iniciativa únicamente electoral,Un grupo de voluntarios sin supervisión,b,
32,Gestión Pública,300,"En la gestión pública mexicana, la “gestión para resultados” significa:",Aumentar el número de programas sin medirlos,Priorizar resultados sobre estructuras y procesos ,Reducir todos los procesos a formularios,Demandar resultados sin recursos,b,
30,Gestión Pública,300,¿Qué elemento favorece la gobernanza en la gestión pública mexicana?,Autoritarismo sin contrapesos,Cooperación interinstitucional y rendición de cuentas ,Ausencia de regulación normativa,Ignorar a los actores sociales,b,
35,Gestión Pública,300,¿Cuál es una característica de la nueva gestión pública aplicada en México?,Ausencia de metas,Exclusivo control burocrático sin innovación,"Orientación hacia el ciudadano, la eficiencia y la calidad del servicio ",Rechazo de cualquier gestión basada en evidencia,c,
36,Gestión Pública,300,"En México, la gestión de personas en la administración pública debe orientarse hacia:",La permanencia automática sin evaluación,"La profesionalización, capacitación y criterios de mérito ",La exclusión de servidores públicos jóvenes,El nepotismo institucionalizado,b,
33,Gestión Pública,300,¿Cuál es el impacto de la descentralización en la gestión pública de México?,Siempre elimina la corrupción,No cambia nada,"Puede aumentar la adaptación local de políticas y mejorar eficiencia, pero también generar desafíos de coordinación ",Centraliza el poder en el ejecutivo federal,c,
37,Gestión Pública,300,¿Cuál es la relación entre cultura organizacional y gestión pública?,No tienen relación alguna,La cultura organizacional impide cualquier cambio,"La cultura institucional influye en la eficiencia, el desempeño y la innovación en la gestión pública ",La cultura solo importa para empresas privadas,c,
34,Gestión Pública,300,¿Qué importancia tiene la evaluación de políticas públicas en México?,Ninguna,Solo para documentos internos,Solo sirve para marketing político,"Permite conocer el impacto, eficiencia y mejora continua de las intervenciones gubernamentales ",d,
40,Gestión Pública,300,¿Cuál es la función principal de los indicadores de desempeño en la gestión pública?,Aumentar el número de programas sin finalidad,"Medir, monitorear y mejorar la gestión de políticas y servicios públicos ",Sustituir por completo la rendición de cuentas,Ocultar la realidad operativa,b,
51,Gestión Pública,400,"¿Qué disciplina fue la primera en llamar la atención, desde los años cincuenta del siglo pasado, sobre el hecho de que el proceso directivo social del gobierno era algo opaco y desconocido, al no ser objeto de estudio sistemático y especializado de ninguna rama del conocimiento?",La sociología política,La economía,La disciplina de política pública,La administración pública,c,
44,Gestión Pública,400,¿Cuál es un beneficio de aplicar la evaluación de impacto en los programas públicos en México?,Aumentar automáticamente el presupuesto,"Conocer qué intervenciones funcionan, optimizar recursos y mejorar resultados ",Evitar toda evaluación,Solo beneficiar a proveedores,b,
45,Gestión Pública,400,¿Por qué es relevante la coordinación intergubernamental en México para la gestión pública?,Porque elimina los gobiernos estatales,Porque evita toda regulación,"Porque permite articular acciones entre niveles federal, estatal y municipal para mayor eficacia ",Porque centraliza todo en el municipio,c,
48,Gestión Pública,400,¿Qué entiende la gestión pública mexicana por “cliente ciudadano”?,Que los ciudadanos sean tratados como simples receptores pasivos,"Que los ciudadanos participen activamente, sean informados y obtengan servicios de calidad ",Que los ciudadanos no tengan acceso a servicios,Que los ciudadanos sólo paguen impuestos sin derechos,b,
55,Gestión Pública,400,¿Con qué factores están relacionadas las dos tendencias renovadoras de la Administración Pública en el siglo XXI?,Con el aislamiento económico y la desaparición de la tecnología,Con la reducción del comercio internacional y el fin de la globalización,Con el fortalecimiento de los regímenes autoritarios y el cierre de fronte,"Con la globalización económica, la revolución tecnológica, las desigualdades sociales, la migración y los nuevos riesgos ambientales y doctrinarios",d,
53,Gestión Pública,400,¿A qué se debe la primera tendencia de reactivación de lo público en la Administración Pública contemporánea?,Al fortalecimiento de las élites económicas y empresariales,A la lucha de muchos países por democratizar sus regímenes autoritarios y al despertar de la sociedad civil que evalúa y participa en los asuntos públicos,A la imposición de políticas centralizadoras del Estado,Al incremento del control burocrático y militar del gobierno,b,
50,Gestión Pública,400,¿Qué significa la “gestión adaptativa” en la administración pública mexicana contemporánea?,Mantener siempre la misma estructura sin cambios,"Poder modificar estrategias, políticas y servicios en función de nuevas circunstancias y evidencias ",Eliminar evaluación,Incrementar burocracia sin análisis,b,
49,Gestión Pública,400,¿Cómo influye la ética pública en la gestión pública en México?,No tiene impacto,"Es fundamental para generar confianza, integridad institucional y buen uso de los recursos públicos ",Solo es un slogan sin efecto,Viene solo de empresas privadas,b,
46,Gestión Pública,400,¿Qué elemento es clave en la gestión financiera pública en México?,Ocultar los presupuestos,"Presupuestación basada en resultados, control interno y transparencia ",Aumentar la deuda sin controles,Eliminar auditorías,b,
47,Gestión Pública,400,¿Cuál es el papel del control interno en las instituciones públicas mexicanas?,No existe,Sólo para cuestiones privadas,La gente.,Sustituir al ejecutivo,b,
57,Gestión Pública,400,¿Cuándo ocurre la recuperación del ciudadano desde la vertiente pública de la Administración Pública?,"Cuando los ciudadanos se limitan a ser electores, contribuyentes y receptores pasivos de la acción gubernamental.","Cuando los ciudadanos asumen un papel activo y corresponsable en la deliberación política, en la formulación de políticas públicas y en la prestación de servicios públicos.",Cuando se refuerza la separación entre el gobierno y la sociedad civil,Cuando se reduce la participación ciudadana a la opinión pública y al voto,b,
56,Gestión Pública,400,¿Qué se entiende por recuperación y reactivación de la naturaleza pública de la Administración Pública?,Promover el uso discrecional del poder por parte de las autoridades,Favorecer la excepción y la impunidad en la gestión pública,Incrementar la burocracia y fortalecer el autoritarismo institucional,"Poner énfasis en la legalidad de la elección, designación y actuación de las autoridades, combatiendo la arbitrariedad y la discrecionalidad",d,
54,Gestión Pública,400,"¿Con qué está relacionada directamente la segunda tendencia de la Administración Pública, aquella que busca reconstruir su capacidad administrativa?",Con las medidas de ajuste y equilibrio hacendario necesarias para superar la bancarrota fiscal y mantener la viabilidad del Estado,) Con el fortalecimiento del sindicalismo y la burocracia estatal,Con la descentralización política y la eliminación de impuestos,Con la expansión territorial del Estado y el aumento del gasto militar,a,
52,Gestión Pública,400," ¿A qué dos tendencias corresponden las respuestas que los gobiernos y las sociedades dieron, en las últimas décadas, para enfrentar la crisis política y económica de los Estados sociales?",La tendencia militar y la tendencia educ,La tendencia tecnológica y la tendencia ambiental,La tendencia populista y la tendencia neoliberal,La tendencia pública y la tendencia gerencial,d,
67,Gestión Pública,500,¿Qué distingue al concepto de gobernanza respecto a la gobernabilidad?,Que se basa solo en tener capacidad institucional.,"Que diferencia entre capacidad y eficacia directiva, según cómo el gobierno se relaciona con la sociedad.",Que garantiza automáticamente la eficacia del gobierno,Que excluye la participación social,b,
66,Gestión Pública,500,"Según el enfoque liberal, ¿cómo se interpreta el peligro de ingobernabilidad que enfrentan los Estados contemporáneos?",Como una crisis estructural del sistema económico y constitucional que pone en duda los principios del liberalismo,"Como el resultado del desequilibrio entre capital y trabajo, propio de las relaciones de producción injustas",Como una falla derivada de la pérdida de legitimidad del principio de mercado y de la democracia liberal.,"Como una crisis de la acción gubernativa, centrada en la capacidad del gobierno para gobernar eficazmente, sin cuestionar la estructura del sistema económico ni los principios liberales del Estado",d,
59,Gestión Pública,500,¿Cuál es un punto de coincidencia entre las vertientes pública y gerencial de la Administración Pública?,Mantener la visión internista y cerrada de la Administración Pública,"Superar la visión internista de la Administración Pública, buscando corregir su autocontención y apertura hacia el entorno social",Reforzar el aislamiento de la Administración Pública respecto a la sociedad,Limitar la gestión pública únicamente a los asuntos internos del gobierno,b,
70,Gestión Pública,500,¿A qué enfoque corresponde el principio de que un gobierno capaz es suficiente para la gobernación de la sociedad?,Al enfoque de la vieja gobernación,A la participación social,A la nueva gobernanza,A la sociedad civil,a,
60,Gestión Pública,500,¿Qué idea distingue a la visión convencional de la Administración Pública?,"Que la Administración Pública es competencia exclusiva del poder público, especialmente del Ejecutivo, y los ciudadanos son solo objetos de la administración.",Que los ciudadanos son corresponsables en la gestión de los asuntos públicos,Que la Administración Pública es un proceso compartido entre gobierno y sociedad civil,Que la Administración Pública debe incluir activamente a los ciudadanos en la toma de decisiones,a,
65,Gestión Pública,500,"¿A qué enfoque teórico pertenece la idea de que la ingobernabilidad social surge del intercambio desigual entre capital y trabajo, generando conflictos de clase e inestabilidad política y económica?",Al enfoque liberal clásico,Al enfoque funcionalista,Al enfoque marxista,Al enfoque conductista,c,
58,Gestión Pública,500, ¿Cuándo ocurre la recuperación del ciudadano desde la vertiente gerencial de la Administración Pública?,Cuando el ciudadano es visto únicamente como subordinado del gobierno y sin capacidad de exigir resultados.,Cuando el ciudadano se mantiene alejado de los procesos administrativos y de evaluación de servicios ,Cuando el gobierno ignora las expectativas ciudadanas en la prestación de los servicios públicos,Cuando el ciudadano es entendido como un agente clave del entorno gubernamental o como usuario/cliente cuyas demandas deben incorporarse en la gestión y calidad del servicio público,d,
68,Gestión Pública,500,"Según el enfoque tradicional, ¿cómo se concibe la conducción social dentro de la idea de gobernabilidad?","Como una responsabilidad exclusiva del Estado, especialmente del poder ejecutivo, bajo un enfoque estadocéntrico y presidencialista.",Como una tarea compartida entre el Estado y la sociedad civil,Como un proceso descentralizado basado en la autogestión comunitaria,Como una función delegada a organismos internacionales,a,
62,Gestión Pública,500,¿De qué enfoque han comenzado a liberarse la disciplina administrativa y el reordenamiento de los gobiernos en las últimas décadas?,"Del enfoque de finanzas públicas, centrado en el ajuste financiero, la estabilización macroeconómica y el equilibrio ingreso-gasto.",Del enfoque social centrado en la participación ciudadana y la equidad,Del enfoque tecnológico orientado a la innovación digital en la gestión pública,Del enfoque político que prioriza la gobernanza y la cooperación interinstitucional,a,
61,Gestión Pública,500,¿Cuál es la característica distintiva y el principal aporte de las dos tendencias contemporáneas de la Administración Pública?,Incrementar la cantidad de programas y el tamaño del aparato administrativo del Estado,Ampliar las áreas de intervención del gobierno sin considerar la eficiencia,Aumentar el gasto público como medida de desarrollo institucional,"Establecer la calidad como principio supremo de acción, superando el enfoque cuantitativo de décadas pasadas centrado en el tamaño y gasto del Estado",d,
64,Gestión Pública,500,¿Por qué la crisis se convirtió en una referencia básica dentro del ámbito intelectual y profesional público?,Porque la mayoría de los politólogos adoptaron un enfoque positivista centrado en la estabilidad social.,Porque el pensamiento liberal consideraba la crisis como una falla temporal del sistema,Porque los gobiernos promovieron la idea de crisis para justificar políticas autoritarias,Porque muchos politólogos influenciados por el marxismo veían la crisis como un proceso necesario para transformar las sociedades estructuradas por clases,d,
69,Gestión Pública,500,"¿Qué elemento es entendido como el problema y no como parte de la solución, según el enfoque tradicional de la gobernabilidad?",El Estado,El gobierno,La economía,La sociedad,d,
63,Gestión Pública,500,¿Cuál fue el horizonte central de la ciencia política y de la Administración Pública a finales del siglo XX?,El fortalecimiento sin precedentes de los Estados sociales y de las democracias consolidadas,El éxito económico de los regímenes socialistas estatizados,La expansión estable del capitalismo y la ausencia de conflictos políticos,"La crisis de los Estados sociales, de las sociedades socialistas y el riesgo de colapso de las democracias por falta de capacidades de gobierno",d,
112,Entorno Institucional,100,¿Cuál de los siguientes órganos se encuentra en la Estructura Orgánica de la Secretaría de la Defensa Nacional y depende directamente del Secretario?,Subsecretaría de la Defensa Nacional.,Oficialía Mayor.,Comandancia del Ejército Mexicano.,Estado Mayor Conjunto de la Defensa Nacional.,D,
118,Entorno Institucional,100,¿Qué órgano tiene por objetivo brindar certeza jurídica y apoyo en materia pericial a la Fiscalía General de Justicia Militar y la Defensoría de Oficio Militar?,Fiscalía General de Justicia Militar.,Tribunal Superior Militar.,Defensoría de Oficio Militar.,Coordinación de Servicios Periciales y Ciencias Forenses.,D,
111,Entorno Institucional,100,¿Cuál es la función principal de la Secretaría de la Defensa Nacional (SEDENA) que implica representar y resolver los asuntos de su competencia? ,Desempeñarse como Alto Mando del Ejército y Fuerza Aérea.,Delegar algunas facultades en las o los titulares de los órganos administrativos de la Secretaría.,Determinar la elaboración de los planes para la defensa y seguridad interior.,"Representar, administrar y la resolución de los asuntos de la competencia de la Secretaría. ",D,
116,Entorno Institucional,100,"El órgano del Fuero de Guerra que tiene como objetivo asistir jurídicamente al personal militar imputado, acusado o sentenciado para llevar a cabo una defensa técnica, adecuada y de calidad es:",Tribunal Superior Militar.,Fiscalía General de Justicia Militar.,Coordinadora de Servicios Periciales y Ciencias Forenses.,Defensoría de Oficio Militar.,D,
117,Entorno Institucional,100,¿Qué Dirección General tiene la función de gestionar el uso de las frecuencias necesarias para las comunicaciones por radio del Ejército y Fuerza Aérea?,Dirección General de Informática.,Dirección General de Administración.,Dirección General de Transmisiones.,Estado Mayor Conjunto de la Defensa Nacional.,C,
115,Entorno Institucional,100,"¿Qué Dirección General tiene como objetivo ser un referente para la administración eficaz del presupuesto, los activos fijos y los sistemas de registro de contabilidad gubernamental?",Dirección General de Personal.,Dirección General de Transmisiones.,Dirección General de Intendencia.,Dirección General de Administración.,D,
114,Entorno Institucional,100,El órgano del Fuero de Guerra que tiene bajo su responsabilidad el ejercicio de la acción penal y la investigación y persecución de los delitos del orden castrense es:,Defensoría de Oficio Militar.,Tribunal Superior Militar.,Fiscalía General de Justicia Militar.,Coordinadora de Servicios Periciales y Ciencias Forenses.,C,
113,Entorno Institucional,100,¿Cuál es el objetivo del órgano del Fuero de Guerra denominado Tribunal Superior Militar?,Coadyuvar en la conservación de la disciplina militar mediante la investigación de delitos.,Asistir jurídicamente al personal militar imputado.,Brindar apoyo en materia pericial a los órganos de justicia.,Administrar la Justicia Militar mediante la emisión de resoluciones de segunda instancia.,D,
122,Entorno Institucional,200,El objetivo de la Secretaría de la Defensa Nacional (SEDENA) es:,"Defender la integridad, la independencia y la soberanía de la nación.","Organizar, equipar, educar, adiestrar, capacitar, administrar y desarrollar a las fuerzas armadas de tierra y aire.","Representar, administrar y la resolución de los asuntos de la competencia de la Secretaría.",Someter al acuerdo del Presidente los asuntos encomendados a la Secretaría.,B,
125,Entorno Institucional,200,"La función de ""Desempeñarse como Alto Mando del Ejército y Fuerza Aérea"" es una función directa del:",Jefe del Estado Mayor Conjunto de la Defensa Nacional.,Subsecretario de la Defensa Nacional.,Oficial Mayor.,Secretario de la Defensa Nacional.,D,
119,Entorno Institucional,200,¿Qué Dirección General tiene entre sus funciones la de seleccionar y clasificar al personal militar desde los puntos de vista físico y psicobiológico?,Dirección General de Personal.,Dirección General de Educación Militar.,Dirección General de Justicia Militar.,Dirección General de Sanidad.,D,
120,Entorno Institucional,200,¿Cuál es el objetivo de la Dirección General de Informática?,Gestionar las frecuencias y sistemas de comunicaciones de la Secretaría.,Proporcionar al Ejército y Fuerza Aérea Mexicanos Tecnologías de la Información de vanguardia.,Administrar y controlar el material aéreo electrónico.,Dirigir el desarrollo de la Guerra de Información.,B,
123,Entorno Institucional,200,¿Cuál es la Visión de la Secretaría de la Defensa Nacional (SEDENA)?,"Organizar, administrar y preparar al Ejército y Fuerza Aérea.","Posicionarse como una institución moderna, confiable, capacitada y tecnológicamente avanzada.",Establecer acuerdos de colaboración con las instituciones ambientales.,Administrar la Justicia Militar mediante resoluciones de segunda instancia.,B,
126,Entorno Institucional,200,¿Cuál es el objetivo de la Dirección General de Materiales de Guerra?,Producir material de guerra y proporcionar mantenimiento al armamento.,Desarrollar las Funciones logísticas y técnicas del material de guerra y equipamiento industrial.,Gestionar el uso de las frecuencias necesarias para las comunicaciones por radio.,"Planear, coordinar y dirigir el adiestramiento de las Unidades.",B,
124,Entorno Institucional,200,"La función de ""Llevar y controlar el Detall General del Ejército y Fuerza Aérea"" le corresponde a la:",Dirección General de Administración.,Oficialía Mayor.,Dirección General de Intendencia.,Dirección General de Personal.,D,
121,Entorno Institucional,200,¿Cuál es la Misión de la Secretaría de la Defensa Nacional?,"Posicionarse como una institución moderna, confiable y tecnológicamente avanzada.","Organizar, administrar y preparar al Ejército y Fuerza Aérea para defender la integridad, la independencia y la soberanía de la nación.",Contribuir al logro de las metas prioritarias establecidas en el Programa Sectorial de Defensa Nacional.,Auxiliar al titular de la Secretaría en asuntos de su competencia en la planeación.,B,
131,Entorno Institucional,300,"¿Qué organismo tiene como objetivo Contribuir al logro de las metas institucionales de la SEDENA mediante la planeación, organización y dirección de los recursos humanos, financieros y materiales que son asignados?",La Subsecretaría.,El Estado Mayor Conjunto de la Defensa Nacional.,La Oficialía Mayor. ,La Dirección General de Administración.,C,
134,Entorno Institucional,300,"De conformidad con la Ley Orgánica de la Administración Pública Federal, una de las atribuciones de la SEDENA es:","Organizar, administrar y preparar al Ejército y la Fuerza Aérea.",Manejar el activo de la Guardia Nacional.,Organizar y preparar el Servicio Militar de Plaza.,Intervenir en los asuntos de la Armada de México.,A,
132,Entorno Institucional,300,"El objetivo de ""Producir material de guerra y proporcionar mantenimiento al armamento, vehículos y equipo militar e industrial"" buscando la independencia tecnológica, corresponde a la:",Dirección General de Fábricas de Vestuario y Equipo.,Dirección General de Materiales de Guerra.,Dirección General de Industria Militar.,Dirección General de Ingenieros.,C,
127,Entorno Institucional,300,"¿Qué órgano técnico operativo es el colaborador inmediato del titular de la Secretaría, a quien auxilia en la planeación y coordinación de los asuntos de la Defensa Nacional?",La Subsecretaría.,La Oficialía Mayor.,La Comandancia del Ejército.,El Estado Mayor Conjunto de la Defensa Nacional.,D,
130,Entorno Institucional,300,"¿Qué organismo tiene como objetivo Contribuir al logro de las metas prioritarias establecidas en el Programa Sectorial de Defensa Nacional mediante la planeación, coordinación y evaluación de los recursos humanos, materiales y financieros?",La Oficialía Mayor.,El Estado Mayor Conjunto de la Defensa Nacional.,La Subsecretaría. ,La Inspección y Contraloría General.,C,
133,Entorno Institucional,300,"¿Qué Dirección General tiene como objetivo Materializar en tiempo y forma el Programa de Producción Anual para satisfacer las necesidades de vestuario y equipo del Ejército, Fuerza Aérea y Guardia Nacional?",Dirección General de Industria Militar.,Dirección General de Intendencia.,Dirección General de Fábricas de Vestuario y Equipo.,Dirección General de Administración.,C,
129,Entorno Institucional,300,"¿Qué Dirección General tiene entre sus funciones la de ""Elaborar y proponer los menús valorados para la alimentación del personal"" del Ejército, Fuerza Aérea y Servicio Militar Nacional?",Dirección General de Sanidad.,Dirección General de Administración.,Dirección General de Intendencia.,Dirección General de Veterinaria y Remonta.,C,
128,Entorno Institucional,300,¿Cuál es el objetivo de la Unidad de Asuntos Jurídicos?,Brindar apoyo legal exclusivo al personal militar imputado.,Coordinar la elaboración de los proyectos de iniciativas de ley.,"Representar legalmente al titular de la Secretaría y Unidades Administrativas, y fungir como consultoría jurídica.",Dirigir la planeación y programación del presupuesto de comunicación social.,C,
140,Entorno Institucional,400,¿Cuál de las siguientes Direcciones Generales se encuentra adscrita a la Oficialía Mayor?,Dirección General de Justicia Militar.,Dirección General del Servicio Militar Nacional.,Dirección General de Veterinaria y Remonta.,Dirección General de Derechos Humanos.,C,
141,Entorno Institucional,400,El Estado Mayor Conjunto (EMC) tiene la función de mantener actualizada la Planeación Estratégica de la Secretaría para hacer frente a:,El desabasto logístico en tiempo de paz.,La corrupción dentro de la Administración Militar.,Los cambios en la estructura orgánica de las Unidades.,Los antagonismos que atenten contra la Seguridad y el Desarrollo Nacionales.,D,
135,Entorno Institucional,400,¿Cuál de los siguientes ordenamientos jurídicos ratifica la competencia y denominación de la Secretaría como Secretaría de la Defensa Nacional?,Ley de Disciplina del Ejército y Fuerza Aérea Mexicanos.,Código de Justicia Militar.,Ley Orgánica de la Administración Pública Federal (1976) y sus reformas.,Ley que crea la Universidad del Ejército y Fuerza Aérea.,C,
137,Entorno Institucional,400,"¿Cuál es el antecedente histórico de la organización militar de México que proviene del pueblo Azteca, por el rico legado de sus instituciones? ",El Ejército de las Tres Garantías.,Las Siete Leyes constitucionales de 1836.,"La organización militar del pueblo Azteca con el ""Tepochcalli"" y ""Calmecac"".",La creación del Ministerio de Guerra y Marina en 1821.,C,
139,Entorno Institucional,400,¿Cuál de las siguientes Direcciones Generales se encuentra adscrita a la Subsecretaría de la Defensa Nacional?,Dirección General de Personal.,Dirección General de Sanidad.,Dirección General del Registro Federal de Armas de Fuego y Control de Explosivos.,Dirección General de Informática.,C,
138,Entorno Institucional,400,¿Qué facultad indelegable corresponde al General Secretario de la Defensa Nacional?,Dirigir el adiestramiento sabatino del personal del Estado Mayor.,Aprobar la adquisición de bienes y servicios mediante el comité.,Aprobar y expedir el Manual de Organización General de la Secretaría.,Presidir el comité técnico del Fideicomiso de Apoyo a Deudos.,C,
142,Entorno Institucional,400,¿Qué función tiene la Dirección General de Comunicación Social relacionada con la difusión? ,Administrar el Sistema de Tiendas y Granjas.,Intervenir en la expedición de licencias para la portación de armas de fuego.,"Fungir como vocería oficial de la Secretaría para informar a la sociedad a través de diversos medios de comunicación (radio, televisión, prensa escrita, portales de internet, redes sociales, etc.).","Planear, coordinar y supervisar las actividades de inteligencia.",C,
136,Entorno Institucional,400,"La Secretaría de Guerra y Marina cambió de denominación a ""Secretaría de la Defensa Nacional"" a través de un Decreto publicado en:",1821,1917,1937,1958,C,
143,Entorno Institucional,500,¿Cuál es el objetivo principal de la Dirección General de Justicia Militar?,Coadyuvar en la conservación de la disciplina militar mediante la investigación de delitos.,"Asistir jurídicamente al personal militar imputado, acusado o sentenciado.","Administrar el recurso humano del Servicio de Justicia Militar, impulsar su desarrollo y sustanciar el procedimiento administrativo de retiro, además de supervisar Prisiones Militares.",Determinar la elaboración de planes para la defensa civil.,C,
146,Entorno Institucional,500,Una de las funciones de la Comandancia del Ejército Mexicano es: ,Asesorar a la Subsecretaría en asuntos de seguridad social.,"Planear, controlar, coordinar, ejercer el mando y evaluar las actividades de las Unidades, Dependencias e Instalaciones del Ejército Mexicano.",Llevar y controlar el Detall General del Ejército y Fuerza Aérea.,Proponer a la Oficialía Mayor la adquisición de maquinaria y equipo industrial.,B,
148,Entorno Institucional,500,"El Comandante de la Fuerza Aérea debe tener, además del grado de General de División de la Fuerza Aérea Piloto Aviador en el activo, una:",Licenciatura en Derecho.,Maestría en Administración Militar para la Seguridad y Defensa Nacionales o su equivalente que se imparte en la Secretaría de Marina.,Maestría en Ciencia y Tecnología.,Título en Ingeniería Aeroespacial.,B,
147,Entorno Institucional,500,"¿Qué Dirección General tiene como función Asesorar Militar y Técnicamente a la o el titular de la Secretaría sobre todo tipo de obras e inmuebles para uso Militar y proponer, planear y ejecutar trabajos de construcción, demolición, ampliación, etc.?",Dirección General de Materiales de Guerra.,Dirección General de Industria Militar.,Dirección General de Ingenieros.,Dirección General de Transportes Militares.,C,
144,Entorno Institucional,500,La Dirección General de Cartografía tiene entre sus funciones:,Desarrollar el Sistema de Información Geográfica Militar para uso exclusivo de la Presidencia.,"Materializar los procesos técnicos y administrativos para la producción del material cartográfico, en papel y digital, para satisfacer las necesidades de la Secretaría.",Elaborar y proponer los menús valorados para la alimentación del personal.,Controlar operativamente a las bandas de música del Ejército.,B,
145,Entorno Institucional,500,Una de las funciones de la Inspección y Contraloría General del Ejército y Fuerza Aérea es:,Aprobar las altas y bajas del personal del Ejército.,"Inspeccionar, supervisar, fiscalizar, auditar y evaluar el personal en aspectos morales, disciplinarios, técnicos, administrativos, presupuestarios y operativos.",Gestionar el uso de las frecuencias para comunicaciones por radio.,Administrar la Justicia Militar mediante la emisión de resoluciones de segunda instancia.,B,
149,Entorno Institucional,500,¿Cuál es el objetivo de la Dirección General del Servicio Militar Nacional (D.G.S.M.N.)?,Administrar y controlar las reservas del Ejército y Fuerza Aérea.,"Planear, Coordinar, Evaluar y supervisar las actividades relacionadas con el Servicio Militar Nacional, desde el reclutamiento hasta la liberación.",Realizar el adiestramiento sabatino para el personal del Estado Mayor.,Proponer reformas a la Ley del ISSFAM.,B,
150,Entorno Institucional,500,¿Cuál de las siguientes es una función de la Dirección General de Veterinaria y Remonta?,Controlar administrativamente al personal del servicio de transportes.,"Llevar a cabo la inspección sanitaria de los alimentos de origen animal, en coordinación con el personal que controla la D.G. Sanidad y la D.G. Intendencia.",Gestionar el uso de frecuencias para comunicaciones.,Proponer planes y proyectos de la Marina.,B,
348,Planeamiento Operacional Conjunto,100,Son las prioridades de inteligencia de la o el Comandante para la operación y direcciona todas las actividades de inteligencia.,Requerimientos de inteligencia prioritarios.,Solicitud de información.,Solicitud de producción.,Requerimiento de información.,A,
344,Planeamiento Operacional Conjunto,100,Normalmente la o el Comandante de la Fuerza Conjunta (JFC) designa personal específico para elaborar la JIPOE de la Fuerza Conjunta. ¿Por quién es dirigido este equipo?,Por el Jefe de la Sección Primera.,Por el Jefe de la Sección Segunda.,Por el Jefe de la Sección Tercera.,Por el Jefe de la Sección Cuarta.,B,
342,Planeamiento Operacional Conjunto,100,"Se define como un proceso analítico y continuo de los ámbitos físicos: tierra, mar, aire y espacio virtual (ciberespacio), del entorno de la información (físico, información y cognitivo), de los sistemas Político, Militar, Económico, Social, Información, e Infraestructura (PMESII), y de todos aquellos aspectos del OE que ejercen directa o indirectamente alguna influencia, que analizados en su conjunto, se obtiene inteligencia de gran valor.",IPB,IPOE,JIPOE,JIPB,C,
345,Planeamiento Operacional Conjunto,100,"Es el área total del Teatro o de la Fuerza de Tarea Conjunta (JTF) como un todo, la cual se divide en Áreas de Operaciones (AO) para los Componentes de la JF.",Entorno operacional.,Área operacional.,Área de operaciones.,Área de interés.,B,
347,Planeamiento Operacional Conjunto,100,"Es el área geográfica adyacente donde eventos políticos, militares, económicos u otros tienen un efecto dentro de un determinado teatro y que también se puede extender a las áreas ocupadas por las fuerzas del adversario que pueden poner en peligro el cumplimiento de nuestra misión.",Entorno operacional.,Área operacional.,Área de operaciones.,Área de interés.,D,
346,Planeamiento Operacional Conjunto,100,Se define en latitud y longitud o se presenta en un mapa/carta para claridad y referencia y normalmente es asignado por el escalón superior.,Entorno operacional.,Área operacional.,Área de operaciones.,Área de interés.,C,
341,Planeamiento Operacional Conjunto,100,"Es el proceso en el cual se analiza al adversario y otros aspectos relevantes del Entorno Operacional (OE) e identifica los posibles Cursos de Acción Enemigos [Enemy Courses of Action (ECOAs)] y proporciona información vital para el Proceso de Planeamiento Operacional [Operational Planning Process (OPP)], la ejecución de las operaciones; así como, para la evaluación de las mismas.",Preparación de Inteligencia del Campo de Batalla,Preparación de Inteligencia del Entorno Operacional.,Preparación de Inteligencia Conjunta del Entorno Operacional.,Preparación de Inteligencia Conjunta del Campo de Batalla,C,
343,Planeamiento Operacional Conjunto,100,Es la persona responsable de coordinar y supervisar la elaboración de la JIPOE y de verificar que contenga todos los aspectos relevantes del OE.,Titular de la Sección Segunda (J-1),Titular de la Sección Segunda (J-2),Titular de la Sección Segunda (J-3),Titular de la Sección Segunda (J-4),B,
355,Planeamiento Operacional Conjunto,200,"Es la parte de la intención del comandante que la o el Comandante vislumbra como el: “a fin de que”, de toda la operación.",Intención del comandante.,Propósito.,Estado final deseado.,Método.,B,
354,Planeamiento Operacional Conjunto,200,"Es la descripción de quien se desempeñe como Comandante respecto a todas las acciones que la fuerza debe realizar para alcanzar el Estado Final Deseado y está basado en el conocimiento del Entorno Operacional (OE), en la comprensión del problema al que se enfrenta y en los objetivos estratégicos planteados por su escalón superior, fundamentándose en su experiencia y conocimientos militares.",Intención del comandante.,Propósito.,Estado final deseado.,Método.,A,
356,Planeamiento Operacional Conjunto,200,"Respecto a la intención del comandante, son las condiciones que deben prevalecer al fin de la operación para dar por logrados los objetivos estratégicos planteados por el escalón superior.",Intención del comandante.,Propósito.,Estado final deseado.,Método.,C,
352,Planeamiento Operacional Conjunto,200,En algunas naciones se le conoce como “Estrategia de Teatro”.,Arte operacional.,Diseño operacional.,Arte y diseño operacional.,Arte operacional combinado con el diseño operacional.,B,
350,Planeamiento Operacional Conjunto,200,"Estas son usadas para solicitar el desarrollo de nuevos estudios, reportes y otros productos de inteligencia.",Requerimientos de inteligencia prioritarios.,Solicitud de información.,Solicitud de producción.,Requerimiento de información.,C,
353,Planeamiento Operacional Conjunto,200,En algunas naciones se le conoce como “Estrategia Operacional”.,Arte operacional.,Diseño operacional.,Arte y diseño operacional.,Arte operacional combinado con el diseño operacional.,A,
351,Planeamiento Operacional Conjunto,200,"Es el empleo creativo de las fuerzas militares para alcanzar un objetivo estratégico u operacional a través del diseño, organización, conducción e integración de estrategias, campañas, operaciones y batallas.",Arte operacional.,Diseño operacional.,Arte y diseño operacional.,Arte operacional combinado con el diseño operacional.,A,
349,Planeamiento Operacional Conjunto,200,"Es un término general que puede ser usado por personal de operaciones u otro, quienes necesiten información de la Sección de Inteligencia u otra organización de inteligencia, concerniente a aspectos de la operación.",Requerimientos de inteligencia prioritarios.,Solicitud de información.,Solicitud de producción.,Requerimiento de información.,B,
359,Planeamiento Operacional Conjunto,300,"Es una metodología que permite conceptualizar en forma gráfica un plan para una campaña u operación mayor, facilitando su entendimiento y direccionando los esfuerzos para alcanzar el Estado Final Deseado.",Arte operacional.,Diseño operacional.,Arte y diseño operacional.,Arte operacional combinado con el diseño operacional.,B,
363,Planeamiento Operacional Conjunto,300,Son las metas amigas que sumadas contribuyen decisivamente al Estado Final Deseado. Se alcanzan cuando se logran una serie de puntos decisivos relacionados secuencialmente entre sí.,Propósitos.,Objetivos.,Metas.,Puntos de desición.,B,
357,Planeamiento Operacional Conjunto,300,"Respecto a la intención del comandante, es la secuencia de acciones u operaciones que la o el Comandante propone, en forma general, para lograr el propósito y el Estado Final Deseado.",Intención del comandante.,Propósito.,Estado final deseado.,Método.,D,
364,Planeamiento Operacional Conjunto,300,"Es la fuente de poder que proporciona a una fuerza, la fortaleza física y moral, la libertad de acción o la voluntad para actuar.",Centro de gravedad.,Objetivo.,Capacidad crítica.,Estado final deseado.,A,
358,Planeamiento Operacional Conjunto,300,"Clarifica la intención de la o el Comandante de la Fuerza Conjunta (JFC) para desarrollar un plan detallado y ejecutable, basado en la comprensión del contexto político y estratégico; así como, en un efectivo encuadramiento del problema.",Arte operacional.,Diseño operacional.,Arte y diseño operacional.,Arte operacional combinado con el diseño operacional.,B,
360,Planeamiento Operacional Conjunto,300,Es la mejor técnica para elaborar el diseño operacional.,Reunión de gabinete.,Discusión dirigida.,Mapa de nodos.,Lluvia de ideas.,D,
362,Planeamiento Operacional Conjunto,300,"Respecto al estado final deseado, se redacta normalmente en pasado participio, a fin de que se pueda emplear como adjetivo y como verbo, como si ya hubiese sido logrado.",Propósito.,Objetivo.,Estado final deseado.,Estado final operacional.,D,
361,Planeamiento Operacional Conjunto,300,"Es a donde se quiere llegar y lo que se debe alcanzar al final de la operación, representa las condiciones político-militares que se han de dar en el OE.",Propósito.,Objetivo.,Estado final deseado.,Estado final operacional.,C,
367,Planeamiento Operacional Conjunto,400,"Son aquellas consideradas como un factor indispensable para que el COG funcione como tal y son esenciales para el cumplimiento de los objetivos, básicamente es la habilidad de hacer algo. Para definirlas se empleará una frase con un verbo asociado con la capacidad.",Factores críticos.,Capacidades críticas.,Requerimientos críticos.,Vulnerabilidades críticas.,B,
372,Planeamiento Operacional Conjunto,400,"Es un lugar geográfico, un evento clave específico, un factor crítico o una función que al ser ejercida, permite a la o el Comandante de la Fuerza Conjunta (JFC) obtener una ventaja considerable sobre un adversario o contribuir materialmente para lograr el éxito.",Punto crítico.,Punto culminante.,Punto o condición decisiva.,Punto de decisión.,C,
370,Planeamiento Operacional Conjunto,400,"Método para determinar un COG en el que se parte de deducir el objetivo que persigue la fuerza analizada, después se determina cuál de sus componentes es capaz de lograr por sí solo ese objetivo. Este método sirve cuando el COG es único o está muy claro.",Eikmeier.,Strange.,Lineal.,Constructivo.,C,
369,Planeamiento Operacional Conjunto,400,Son las vulnerabilidades a que son susceptibles los CRs. Un Centro de Gravedad (COG) se ataca o se protege a través de estos.,Factores críticos.,Capacidades críticas.,Requerimientos críticos.,Vulnerabilidades críticas.,D,
371,Planeamiento Operacional Conjunto,400,"Método para determinar un COG en el que se enuncian todas las CCs, de las cuales se deducen los CRs y se concluyen con las CVs, posteriormente se agrupan todas las capacidades en torno a un COG. Este método ayuda a determinar más claramente cuál es el COG, pero requiere de un mayor tiempo.",Eikmeier.,Strange.,Lineal.,Constructivo.,D,
366,Planeamiento Operacional Conjunto,400,"En este nivel, el COG normalmente es asociado con las capacidades militares (Como un elemento poderoso de las Fuerzas Armadas), pero puede incluir otras capacidades en el Entorno Operacional (OE), y normalmente es físico o tangible.",Estratégico.,Operacional.,Táctico.,Conjunto.,B,
365,Planeamiento Operacional Conjunto,400,"En este nivel, un Centro de Gravedad puede ser la fuerza militar, una alianza, líderes políticos o militares, un conjunto de capacidades críticas o la voluntad nacional, puede ser tangible o intangible.",Estratégico.,Operacional.,Táctico.,Conjunto.,A,
368,Planeamiento Operacional Conjunto,400,"Son aquellas condiciones, recursos o medios que son esenciales para que las Capacidades Críticas (CCs) sean operacionales y en caso de afectarse anularán o degradarán la CC.",Factores críticos.,Capacidades críticas.,Requerimientos críticos.,Vulnerabilidades críticas.,C,
379,Planeamiento Operacional Conjunto,500,"Son opciones que se planean dentro de una misma fase y permiten establecer un puente en caso de que un DP/DC, no se alcance a lo largo de una Línea de Operaciones (LOO).",Enfoque operacional.,Fase.,Ramas.,Secuela.,C,
373,Planeamiento Operacional Conjunto,500,"Momento en el que la o el JFC tiene que tomar una decisión, normalmente se establece cuando hay que cambiar de fase o bien cuando se decide generar una rama o secuela de la operación.",Punto crítico.,Punto culminante.,Punto o condición decisiva.,Punto de decisión.,D,
380,Planeamiento Operacional Conjunto,500,"Es una opción de continuidad prevista desde el inicio de cada fase, en función de los resultados obtenidos de la fase anterior.",Enfoque operacional.,Fase.,Ramas.,Secuela.,C,
376,Planeamiento Operacional Conjunto,500,"Describen la conducta del sistema en el Entorno Operacional (OE) son las condiciones que se relacionan con el logro de los DPs/DCs y a su vez, son el resultado o la consecuencia de una acción o tarea, conjunto de acciones u otro efecto, capaz de influir o condicionar la consecución o no de una determinada evaluación de los efectos y acciones permite determinar el cumplimiento de los DPs/DCs.",Transición.,Tareas.,Efectos.,Acciones.,C,
374,Planeamiento Operacional Conjunto,500,Es la dirección hacia donde se encaminarán las acciones u operaciones. En la elaboración del Diseño Operacional se representa normalmente mediante una flecha que une los diversos DPs/DCs y guían secuencialmente hacia la consecución de un objetivo.,Eje de avance.,Línea de operación.,Línea de esfuerzo.,Eje principal.,B,
378,Planeamiento Operacional Conjunto,500,"Es una franja temporal de una operación que agrupa las acciones, efectos y DPs/DCs, de todas las Líneas de Operaciones/Líneas de Esfuerzos (LOOs/LOEs).",Enfoque operacional.,Fase.,Ramas.,Secuela.,B,
377,Planeamiento Operacional Conjunto,500,"Son las tareas básicas e indivisibles de carácter militar o no, que se le asignan a un mando componente, unidad subordinada o a otras y otros actores militares involucrados en una operación, con el fin de crear un efecto deseado o imposibilitar uno no deseado.",Tareas esenciales.,Tareas.,Efectos.,Acciones.,D,
375,Planeamiento Operacional Conjunto,500,"Es también una línea similar a las Líneas de Operaciones (LOO), pero fuera de la influencia de la o el Comandante de la Fuerza Conjunta (JFC) que coadyuva también al logro del Estado Final Deseado. Usualmente se logran con otras capacidades diferentes a las militares.",Eje de avance.,Línea de operación.,Línea de esfuerzo.,Eje principal.,C,
388,Planeamiento Operacional Conjunto,100,Esta fase se enfoca en llevar a cabo las acciones decisivas que conducirán a la derrota del adversario; su éxito dependerá en la capacidad de la JF para dominar en tiempo y espacio.,Fase 0 (Moldeo).,Fase I (Disuasión).,Fase II (Iniciativa).,Fase III (Dominio).,D,
382,Planeamiento Operacional Conjunto,100,"En otras situaciones, la o el JFC debe enfocar selectivamente una serie de acciones en contra de las CVs del adversario hasta que los efectos acumulados de éstas, lleven al éxito de la misión, a esto se le llama:",Aproximación directa.,Aproximación indirecta.,Aproximación de Eikmeier.,Aproximación de Strange.,B,
384,Planeamiento Operacional Conjunto,100,Son efectos que podrían inhibir el progreso hacia un DP/DC.,Determinantes.,No determinantes.,Deseados.,No deseados.,D,
386,Planeamiento Operacional Conjunto,100,"La intención de esta fase es obligar al personal adversario a tomar acciones favorables a las fuerzas amigas, disuadiendo la acción indeseable del adversario.",Fase 0 (Moldeo).,Fase I (Disuasión).,Fase II (Iniciativa).,Fase III (Dominio).,B,
385,Planeamiento Operacional Conjunto,100,"En esta fase se llevan a cabo acciones militares cotidianas y de rutina, que permitirán a la o el Comandante de la Fuerza Conjunta (JFC), organizarse, moverse al área operacional y facilitar el desarrollo de las siguientes fases.",Fase 0 (Moldeo).,Fase I (Disuasión).,Fase II (Iniciativa).,Fase III (Dominio).,A,
381,Planeamiento Operacional Conjunto,100,"Con frecuencia puede haber casos en donde la potencia de combate de la o el Comandante de la Fuerza Conjunta [Joint Force Commander (JFC)] y otras capacidades serán suficientes para afectar rápidamente el Centro de Gravedad del Enemigo [Enemy Centers of Gravity (ECOG)] con una sola acción, a esto se le llama:",Aproximación directa.,Aproximación indirecta.,Aproximación de Eikmeier.,Aproximación de Strange.,A,
387,Planeamiento Operacional Conjunto,100,"Esta fase implica tomar la iniciativa mediante las primeras acciones de la Fuerza Conjunta (JFC) enfocadas a reducir las capacidades del adversario. La aplicación rápida de la potencia de combate conjunta puede ser necesaria para retrasar, impedir o detener la agresión inicial del adversario y negar sus objetivos.",Fase 0 (Moldeo).,Fase I (Disuasión).,Fase II (Iniciativa).,Fase III (Dominio).,C,
383,Planeamiento Operacional Conjunto,100,Son efectos que se pueden considerar como una condición que sirve de respaldo para lograr DP/DC asociada.,Determinantes.,No determinantes.,Deseados.,No deseados.,C,
392,Planeamiento Operacional Conjunto,200,"En la ofensiva, es el punto en que el ataque no se puede continuar y la fuerza debe considerar pasar a la defensiva o hacer una pausa operacional, ya que en caso de continuar se arriesga a un contraataque y a una derrota.",Punto crítico.,Punto culminante.,Punto o condición decisiva.,Punto de decisión.,B,
393,Planeamiento Operacional Conjunto,200,"En la defensiva, se llega a este punto cuando la fuerza no tiene la capacidad de contraatacar o de defenderse exitosamente.",Punto crítico.,Punto culminante.,Punto o condición decisiva.,Punto de decisión.,B,
394,Planeamiento Operacional Conjunto,200,Es un cese parcial o temporal de las acciones en curso que tiene como objetivo regenerar la capacidad de combate necesaria para retomar la acción y evitar así el punto culminante. La o el JFC debe considerar que esto lleva al riesgo inherente de perder la iniciativa.,Cese operacional.,Punto de cese.,Pausa operacional.,Punto culminante.,C,
396,Planeamiento Operacional Conjunto,200,"Significa mantener el ritmo de las operaciones; es decir, rapidez del movimiento de la fuerza con un alto grado de sincronización, para lograr fracturar el ciclo OODA (capacidad de observar, orientarse, decidir y actuar) del adversario.",Ritmo.,Tempo.,Velocidad de operación.,Rapidez de operación.,B,
390,Planeamiento Operacional Conjunto,200,"Esta fase implica haber generado las condiciones necesarias para que la o el Comandante de la Fuerza Conjunta (JFC) pueda solicitar a su escalón superior el retiro de la Fuerza Conjunta (JF), ya sea total o parcialmente, con la consecuente entrega del área operacional a las autoridades correspondientes.",Fase II (Iniciativa).,Fase III (Dominio).,Fase IV (Estabilidad).,Fase V (Transición).,D,
389,Planeamiento Operacional Conjunto,200,"Esta fase implica asegurar lo ganado durante la fase previa, consolidando objetivos y generando las condiciones que se habían trazado como objetivos operacionales.",Fase II (Iniciativa).,Fase III (Dominio).,Fase IV (Estabilidad).,Fase V (Transición).,C,
391,Planeamiento Operacional Conjunto,200,"Es un punto en el tiempo o en el espacio, en el cual la operación ya no puede sostenerse o bien apoyarse. Se debe evitar que nuestras fuerzas alcancen este punto mediante una pausa operacional.",Punto crítico.,Punto culminante.,Punto o condición decisiva.,Punto de decisión.,B,
395,Planeamiento Operacional Conjunto,200,"Son una herramienta útil para obtener la sincronización adecuada entre el apoyo logístico y las operaciones, generalmente se planifican para regenerar la potencia de combate o aumentar el sostenimiento (Apoyo logístico) de las fuerzas para la siguiente fase, aunque esto dará como resultado, una ampliación en la duración de la campaña.",Ceses operacional.,Puntos de cese.,Pausas operacionales.,Puntos culminantes.,C,
397,Planeamiento Operacional Conjunto,300,"Su desarrollo involucra tres actividades o etapas principales: comprender el Entorno Operacional (OE), delimitar el Problema y desarrollar el Enfoque Operacional.",Proceso de planeamiento operacional.,Diseño operacional.,Preparación de Inteligencia Conjunta del Entorno Operacional.,Enfoque operacional.,B,
402,Planeamiento Operacional Conjunto,300,"Son las relaciones de funciones o de comportamiento entre los nodos, tales como una orden o supervisión de una o un Comandante subalterno, la relación de los vehículos con los combustibles, la ideología que conecta una persona propagandista con un grupo de terroristas. Esto ayuda a entender la importancia relativa de cada nodo y su interacción entre ellos.",Técnica de mapeo de sistemas PMESII.,Enlace.,Análisis PMESII.,Sistema.,B,
400,Planeamiento Operacional Conjunto,300,"Es una red, grupo o cadena interconectado e interrelacionado ya sea funcional, físico o de comportamiento, relacionado a un grupo que forma un todo unificado.",Sistema.,Técnica de mapeo de sistemas PMESII.,Análisis PMESII.,Lluvia de ideas.,A,
404,Planeamiento Operacional Conjunto,300,"Son aquellos relacionados con la estabilidad, la gobernabilidad o la representación política como: personas asesoras, gobernantes, titulares de alcaldías, grupos políticos de interés, altos funcionarios, tribunales, entre otros.",Nodos políticos.,Nodos militares.,Nodos económicos.,Nodos sociales.,A,
398,Planeamiento Operacional Conjunto,300,Esta etapa del desarrollo del diseño operacional incluye los objetivos estratégicos que definen el papel que juegan las Fuerzas Armadas en su consecución. La o el Comandante de la Fuerza Conjunta (JFC) y su Estado Mayor Conjunto (JS) deben estar en condiciones de entender el estado actual del OE e ir formándose una idea de cómo se encontrará cuando finalicen las operaciones.,Comprensión del OE.,Delimitación del problema.,Desarrollo del diseño operacional.,Desarrollo del enfoque operacional.,A,
401,Planeamiento Operacional Conjunto,300,"Representa los elementos tangibles que pueden ser blancos de ataque, tales como personas, lugares o cosas.",Nodo.,Objetivo.,Blanco de alto valor.,Sistema.,A,
399,Planeamiento Operacional Conjunto,300,"Es una excelente herramienta para ayudar a la o el JFC y su Estado Mayor Conjunto en el entendimiento del entorno operacional, identificando y mapeando los aspectos, eventos y actores de esta naturaleza; así como, en las relaciones entre estos sistemas para determinar los nodos y enlaces existentes.",Lluvia de ideas.,Técnica de mapeo de sistemas PMESII.,Análisis PMESII.,Sistema.,B,
403,Planeamiento Operacional Conjunto,300,"Consiste en mapear aspectos, eventos o actores como nodos, que tienen influencia en el Entorno Operacional.",Sistema.,Análisis PMESII.,Lluvia de ideas.,Técnica de mapeo de sistemas PMESII.,B,
406,Planeamiento Operacional Conjunto,400,"Incluyen los recursos nacionales vitales y activos, el comercio externo e interno, la inflación, la deuda, bancos, corporativos, instalaciones de embarque, almacenes comerciales, entre otros.",Nodos políticos.,Nodos militares.,Nodos económicos.,Nodos sociales.,C,
412,Planeamiento Operacional Conjunto,400,El propósito de esta etapa del desarrollo del diseño operacional es determinar el Estado Final Militar Deseado y los objetivos operacionales de la JTF.,Comprender el OE.,Delimitar el problema.,Desarrollar el enfoque operacional.,Desarrollar el enfoque operacional.,B,
411,Planeamiento Operacional Conjunto,400,"Con relación a la técnica de mapeo de sistemas PMESII, ¿de qué color se recomienda al planificador poner los enlaces que representen relaciones de afinidad?",Rojo.,Azul.,Verde.,Amarillo.,B,
409,Planeamiento Operacional Conjunto,400,"Son aquellos relacionados con la comunicación masiva, (televisión, radio, prensa, redes sociales, redes computacionales), seguridad de planes y órdenes, información de los ministerios, agencias de inteligencia, propaganda, actividades de información de grupos sociales, así como su vulnerabilidad o susceptibilidad a estas medidas, entre otros.",Nodos de infraestructura.,Nodos informacionales.,Nodos económicos.,Nodos sociales.,B,
410,Planeamiento Operacional Conjunto,400,"Con relación a la técnica de mapeo de sistemas PMESII, ¿de qué color se recomienda al planificador poner los enlaces que representen relaciones de fricción?",Rojo.,Azul.,Verde.,Amarillo.,A,
407,Planeamiento Operacional Conjunto,400,"Pueden incluir aspectos relacionados con la justicia, el imperio de la ley, los sistemas de apoyo social, la salud, educación, el desarrollo, la cohesión, el poder, grupos de influencia social, grupos étnicos, clanes, tribus, grupos religiosos, asociaciones, escuelas, centros culturales, instalaciones de salud, personas desplazadas, refugiados, entre otros.",Nodos políticos.,Nodos militares.,Nodos económicos.,Nodos sociales.,D,
405,Planeamiento Operacional Conjunto,400,"Son los relacionados con la situación de seguridad, estabilidad, amenazas externas e internas; como son: personas líderes, planes y órdenes, titular de la Secretaría de la Defensa, Cuarteles Generales, sistema de defensa aérea, instalaciones para mantenimiento de artillería, depósitos de municiones, terreno clave, capacidades estratégicas, armas de destrucción masiva entre otros.",Nodos políticos.,Nodos militares.,Nodos económicos.,Nodos sociales.,B,
408,Planeamiento Operacional Conjunto,400,"Incluyen los servicios públicos, energía, redes, medios de transporte, comunicaciones, instalaciones industriales, plantas nucleares, presas hidroeléctricas, acueductos, aeropuertos, instalaciones portuarias, entre otros.",Nodos de infraestructura.,Nodos informacionales.,Nodos económicos.,Nodos sociales.,A,
417,Planeamiento Operacional Conjunto,500,Es la etapa final del Diseño Operacional y su propósito es determinar las estrategias de la JTF o Teatro para lograr el Estado Final Militar (FMS) Deseado.,Comprender el OE.,Delimitar el problema.,Desarrollar el enfoque operacional.,Desarrollar el enfoque operacional.,C,
419,Planeamiento Operacional Conjunto,500,"En esta actividad es conveniente comenzar con el análisis de los COGs, estratégico y operacional del personal adversario (ECOGs) y después continuar con los propios COGs.",Identificar y analizar los Centros de Gravedad (Estratégico y operacional) del Enemigo (ECOGs) y los Centros de Gravedad (COGs) estratégico y operacional propios.,"Determinar, enumerar y agrupar los DPs/DCs.",Desarrollar el enfoque operacional.,Iniciación.,A,
416,Planeamiento Operacional Conjunto,500,"Esta actividad es conveniente hacerla para no perderse de lo que el nivel estratégico quiere. La revisión del Estado Final Deseado o los Objetivos Estratégicos establecidos por el nivel estratégico, ayudará al planificador en la determinación del Estado Final Operacional.",Identificar las condiciones actuales.,Determinar cómo superar los obstáculos.,Revisar y entender la dirección estratégica.,Identificar los obstáculos.,C,
415,Planeamiento Operacional Conjunto,500,"Una técnica útil para esta actividad es la lluvia de ideas, para determinar opciones factibles, convenientes y aceptables de la forma de superar cada obstáculo o reto.",Identificar las condiciones actuales.,Determinar cómo superar los obstáculos.,Revisar y entender la dirección estratégica.,Identificar los obstáculos.,B,
413,Planeamiento Operacional Conjunto,500,"Esta etapa del desarrollo del diseño operacional involucra cinco actividades principales: identificar las condiciones actuales, identificar los obstáculos, determinar cómo superar los obstáculos, revisar la dirección estratégica, establecer el Estado Final Militar (los objetivos operacionales).",Comprender el OE.,Delimitar el problema.,Desarrollar el enfoque operacional.,Desarrollar el enfoque operacional.,B,
418,Planeamiento Operacional Conjunto,500,"Esta etapa del desarrollo del diseño operacional involucra los siguientes pasos: identificar y analizar los Centros de Gravedad estratégicos y operacionales, tanto del enemigo ECOGs como propios COGs, determinar, enumerar y agrupar puntos decisivos/condiciones decisivas y desarrollar el enfoque operacional.",Comprender el OE.,Delimitar el problema.,Desarrollar el enfoque operacional.,Desarrollar el enfoque operacional.,C,
414,Planeamiento Operacional Conjunto,500,"El propósito de esta actividad de la delimitación del problema, es como su nombre lo dice, enumerar todas las condiciones que están pasando en el OE que de alguna manera influirán en la operación, usualmente si se revisa el mapeo del PMESII, ahí se pueden encontrar.",Identificar las condiciones actuales.,Determinar cómo superar los obstáculos.,Revisar y entender la dirección estratégica.,Identificar los obstáculos.,A,
420,Planeamiento Operacional Conjunto,500,"Esta actividad del desarrollo del enfoque operacional conlleva analizar las CVs estratégicas y operacionales del personal adversario y las propias, para posteriormente determinar en consenso del Estado Mayor Conjunto, las acciones necesarias para explotar las CVs del adversario y proteger las propias.",Identificar y analizar los Centros de Gravedad (Estratégico y operacional) del Enemigo (ECOGs) y los Centros de Gravedad (COGs) estratégico y operacional propios.,"Determinar, enumerar y agrupar los DPs/DCs.",Desarrollar el enfoque operacional.,Iniciación.,B,
423,Planeamiento Operacional Conjunto,100,"Este paso del proceso de planeamiento operacional permite a la o el JFC y al JS, comprender el problema al que se enfrente al iniciar el proceso, el cual involucra la elaboración de la JIPOE y el desarrollo del Diseño Operacional.",Iniciación.,Análisis de la misión.,Desarrollo de los COAs.,Análisis de los COAs.,A,
421,Planeamiento Operacional Conjunto,100,"En este nivel, los objetivos estratégicos son convertidos por los mandos operacionales en objetivos operacionales.",Estratégico.,Operacional.,Táctico.,Conjunto.,B,
422,Planeamiento Operacional Conjunto,100,"En este nivel, se dan tareas a las unidades tácticas, lo cual permitirá alcanzar los objetivos operacionales.",Estratégico.,Operacional.,Táctico.,Conjunto.,C,
424,Planeamiento Operacional Conjunto,100,"En este paso del proceso de planeamiento operacional, los insumos del escalón superior pueden venir como una directiva, un Plan de Operaciones/Orden de Operaciones (OPLAN/OPORD) o cualquier otro documento que tenga las instrucciones básicas del escalón superior.",Iniciación.,Análisis de la misión.,Desarrollo de los COAs.,Análisis de los COAs.,A,
428,Planeamiento Operacional Conjunto,200,"Como resultado de este paso del proceso de planeamiento operacional, tendremos a la o el Comandante de la Fuerza Conjunta (JFC) y su Estado Mayor Conjunto (JS) totalmente orientados respecto a lo que se van a enfrentar; así como, el resultado final del desarrollo del Diseño Operacional que es el enfoque operacional.",Iniciación.,Análisis de la misión.,Desarrollo de los COAs.,Análisis de los COAs.,A,
425,Planeamiento Operacional Conjunto,200,"En este paso del proceso de planeamiento operacional, la o el JFC una vez recibido el insumo de su escalón superior, basado en su experiencia, conocimiento, creatividad e intuición, da al JS su intención inicial y su guía de planificación, que servirán de insumos para iniciar el OPP.",Iniciación.,Análisis de la misión.,Desarrollo de los COAs.,Análisis de los COAs.,A,
426,Planeamiento Operacional Conjunto,200,"Esta actividad está usualmente a cargo del personal de inteligencia, el cual se enfoca a recopilar toda la información disponible mediante la aplicación del ciclo de inteligencia y lo plasma en un documento.",Elaboración de la IPB.,Elaboración de los requerimientos de inteligencia prioritarios.,Elaboración de la JIPOE.,Elaboración de los requerimientos de información.,C,
427,Planeamiento Operacional Conjunto,200,"Éste involucra tres actividades principales o etapas que son entender el entorno operacional, delimitar el problema y desarrollar el enfoque operacional.",Comprensión del OE.,Delimitación del problema.,Desarrollo del diseño operacional.,Desarrollo del enfoque operacional.,C,
431,Planeamiento Operacional Conjunto,300,"El proceso de este paso del proceso de planeamiento operacional, involucra analizar los insumos, entender la guía e intención inicial de la o el Comandante, analizar la misión e intención del escalón superior, determinar el propósito de la operación y analizar las tareas especificadas y determinar las tareas implícitas y esenciales.",Iniciación.,Análisis de la misión.,Desarrollo de los COAs.,Análisis de los COAs.,B,
430,Planeamiento Operacional Conjunto,300,"En este paso del proceso de planeamiento operacional, la JIPOE y los productos de Diseño Operacional, constituyen unos insumos muy importantes para guiar al JS. Las estimaciones de cada una de las secciones en su respectiva área funcional, comienzan a tomar forma aquí.",Iniciación.,Análisis de la misión.,Desarrollo de los COAs.,Análisis de los COAs.,B,
432,Planeamiento Operacional Conjunto,300,"Son todas aquellas tareas que una o un Comandante Superior asigna a quien se desempeñe como mando subordinado mediante una Orden de Operaciones (OPORD), Plan de Operaciones (OPLAN) u Orden Preparatoria [Warning Order (WARNORD)], u otra directiva de Planeamiento.",Tareas básicas.,Tareas esenciales.,Tareas implícitas.,Tareas especificadas.,D,
429,Planeamiento Operacional Conjunto,300,"Este paso del proceso de planeamiento operacional es recomendable hacerlo una vez que se tiene un panorama amplio de la situación y que se obtuvo la Información de Inteligencia, la JIPOE; así como, el Diseño Operacional.",Iniciación.,Análisis de la misión.,Desarrollo de los COAs.,Análisis de los COAs.,B,
434,Planeamiento Operacional Conjunto,400,Son aquellas que la fuerza conjunta deberá ejecutar satisfactoriamente para alcanzar el Estado Final Deseado.,Tareas básicas.,Tareas esenciales.,Tareas implícitas.,Tareas especificadas.,B,
435,Planeamiento Operacional Conjunto,400,"Son acciones impuestas o prohibidas por el escalón superior o establecidas en otros ordenamientos como leyes o acuerdos nacionales o internacionales, condiciones políticas, sociales, religiosas o culturales dentro del área operacional asignada a la fuerza conjunta, que limita la libertad de acción de la o el JFC.",Reglas de enfrentamiento.,Limitaciones operacionales.,Imposiciones u obligatoriedades.,Restricciones.,B,
433,Planeamiento Operacional Conjunto,400,"Son aquellas tareas adicionales y deducidas por la o el JFC, las cuales tiene que ejecutar para cumplir con una tarea explícita o esencial.",Tareas básicas.,Tareas esenciales.,Tareas implícitas.,Tareas especificadas.,C,
436,Planeamiento Operacional Conjunto,400,"Es una acción específica a ser observada durante el cumplimiento de la misión, es decir, son obligaciones.",Reglas de enfrentamiento.,Limitaciones operacionales.,Imposiciones u obligatoriedades.,Restricciones.,C,
438,Planeamiento Operacional Conjunto,500,Nivel de riesgo de obstáculos y amenazas que representa grandes pérdidas de fuerza y habilidad de cumplir la misión.,Bajo.,Moderado.,Alto.,Extremadamente alto.,D,
439,Planeamiento Operacional Conjunto,500,Nivel de riesgo de obstáculos y amenazas que representa pérdidas considerables en la fuerza y en las capacidades para cumplir la misión con base en los estándares establecidos.,Bajo.,Moderado.,Alto.,Extremadamente alto.,C,
437,Planeamiento Operacional Conjunto,500,Es una acción prohibida durante el cumplimiento de una misión.,Reglas de enfrentamiento.,Limitaciones operacionales.,Imposiciones u obligatoriedades.,Restricciones.,D,
446,Estado Mayor ,100,¿Se apoya en cada una de las actividades del ciclo de la información?,   La IPB,   La JIPOE, Sistema PMESII,GEOINT,b,
443,Estado Mayor ,100,¿Qué aspectos del entorno se analizan en la JIPOE?,Solo los aspectos políticos y sociales.,"Los ámbitos físicos (tierra, mar, aire y ciberespacio).",Solo el ámbito cibernético.,Solo los aspectos económicos.,b,
440,Estado Mayor ,100,"	¿Qué es la Preparación de Inteligencia Conjunta del Entorno (JIPOE)?",Un proceso de ejecución de operaciones., Un proceso en el que se analiza al adversario y el entorno operacional., Un proceso de comunicación con los aliados., Un proceso de análisis de información de inteligencia.,d,
441,Estado Mayor ,100,Es el proceso en el cual se analiza al adversario y otros aspectos relevantes del Entorno Operacional.,Preparación de Inteligencia del Entorno Operacional. (IPOE),Preparación de Inteligencia Conjunta del Entorno Operacional. (PICEO),   Proceso de Inteligencia Conjunta del Entorno Operacional. (PICEO),Proceso de Inteligencia del Espacio de Batalla. (PIEB),b,
442,Estado Mayor ,100,¿Cuál es el objetivo principal de la JIPOE?,Identificar los posibles cursos de acción enemigos (ECOAs)., Analizar solo el entorno físico., Establecer estrategias de defensa.,Mejorar la comunicación entre fuerzas aliadas.,d,
444,Estado Mayor ,100,¿Qué significa el acrónimo PMESII?,"Político, Militar, Energético, Social, Internacional, Infraestructura.","Político, Militar, Económico, Social, Información, Infraestructura.","Planeamiento Militar, Estrategia, Información, Infraestructura","Político, Militar, Económico, Internacional, Infraestructura.",b,
447,Estado Mayor ,100, ¿Qué se tomará como base cuando la o el Comandante de la Fuerza Conjunta (JFC) designe a personal especifico para elaborar la JIPOE de la Fuerza Conjunta? ,   La IPB,La Estimación de Inteligencia,La información del escalón superior,   El Sistema PMESII,c,
445,Estado Mayor ,100,¿Qué tipo de inteligencia se obtiene mediante la JIPOE?,Inteligencia táctica limitada.,Inteligencia sobre los recursos naturales del enemigo.,Inteligencia de gran valor para la ejecución y evaluación de operaciones., Inteligencia de apoyo a la logística militar.,c,
448,Estado Mayor ,200,¿Cuáles son las otras personas representantes que serán dirigidos por la o el Jefe de la Sección Segunda para elaborar la JIPOE de la Fuerza Conjunta?,"Personal de inteligencia, de comunicaciones y apoyos por el fuego.",  Personal especializado. ,Personal de Contrainteligencia. ,   La persona analista. ,a,
455,Estado Mayor ,200,Todo Planificador necesita una familiarización básica en el Proceso de la JIPOE a fin de convertirse.,  En una persona experta.,Usuaria experta.,    Usuario crítico.,    Persona critica.,C,
449,Estado Mayor ,200,¿Qué se conduce paralelamente con algunos pasos en la JIPOE y requieren del insumo de otras personas integrantes del grupo del Planeamiento para una discusión más detallada de este proceso?,  El análisis de la misión. , La intención del comandante. ,     El entorno de la información. , La estimación de inteligencia. ,a,
453,Estado Mayor ,200," Es inducir a la o el oficial de E.M. planificador hacia un aspecto critico del proceso de planeamiento que está en práctica, a través del planeamiento y ejecución de una operación.",      El propósito.,    Usuario critico, La intención.,   El objeto.,c,
452,Estado Mayor ,200, Hacer la preparación de Inteligencia Conjunta del Entorno Operacional no es hacer a la persona usuaria una experta en la JIPOE.,La intención.,   El propósito.,    Usuario crítico.,    Usuario experto.,b,
450,Estado Mayor ,200,   El Proceso de la Preparación de Inteligencia Conjunta del Entorno Operacional. Seleccione usted el tercer paso básico de la JIPOE. ,Evaluar el impacto del Entorno Operacional (OE),Evaluar al Adversario. ,   Evaluar a las fuerzas enemigas. ,Definir el EO.,b,
451,Estado Mayor ,200,"  Normalmente designa personal específico para elaborar la JIPOE de la Fuerza Conjunta, se toma como base información del escalón superior.",  La o él cmte Fza. Conjunta.,      El cmte de T.O.,       El escalón Superior.,   Jefe de la S-2.,a,
454,Estado Mayor ,200,Necesita una familiarización básica con el proceso de la JIPOE a fin de convertirse a una o un usuario critico de los productos generados por la comunidad de Inteligencia.,      El JFC.,    El Jefe S-2.,       El JS.,   Todo Planificador.,d,
461,Estado Mayor ,300,  Es la persona responsable de coordinar y supervisar la elaboración de la JIPOE ,  Titular de la sección segunda (J-2).,    Comandante., J-3.,    Subjefe de Estado Mayor.,a,
460,Estado Mayor ,300,"  Es el área geográfica adyacente donde eventos políticos, militares, económicos u otros tienen un efecto dentro de un determinado teatro.",   Áreas de Operaciones.,   Área Crítica., El Área de Interés (AOI),    Persona critica.,c,
463,Estado Mayor ,300,Extendido por la atmosfera hasta una altitud donde las condiciones ya no pueden llevarse a cabo.,    Espacial.,    Ciberespacial.,    Aéreo-espacial. ,   Aéreo.,d,
456,Estado Mayor ,300,Se conducen paralelamente con el análisis de la misión y requieren del insumo de otras personas integrantes del grupo de Planeamiento., Pasos de la JIPOE., El Cmte. de T.O.,Operaciones Geoespaciales.,    Jefe de la S-2.,a,
459,Estado Mayor ,300,Se define en latitud y longitud o se presenta en un mapa/carta para claridad y referencia.,    Entorno Operacional., Área de interés., Un Área de Operaciones (AO),      Planificador.,c,
458,Estado Mayor ,300, Es el área total del Teatro o de la Fuerza de Tarea Conjunta (JTF) como un todo.,    El Área de Interés.,    Usuario crítico.,    El Área Operacional (OA).,   El objeto.,c,
457,Estado Mayor ,300,Es un sondeo inicial de las dimensiones geográficas y no geográficas del entorno operacional.,  Definir el Entorno Operacional.,   Evaluar al adversario., Definir el Área Operacional., Usuario experto.,a,
462,Estado Mayor ,300," Es el de proporcionar inteligencia que ayude a la o el JFC a determinar la intención del adversario, el ECOA más probable de adopción y el ECOA más peligroso. ", Propósito.,     Objetivo.,      Principal objetivo.,      Definición.,c,
465,Estado Mayor ,400," Del manual de planeamiento operacional conjunto de las FF. AA., Cap. II. Fig. 18 menciona cuales son las dimensiones que se describen en citada figura:"," Física, Humana y Informacional.","   Información, Cognitivo y Espacial.","    Terrestre, Aire, Espacial y Ciberespacial. ","Física, Humana y Informático",a,
471,Estado Mayor ,400," El propósito de este paso es determinar cómo el entorno operacional afecta a las operaciones, tanto amigas como del personal adversario.","Step one, Define the OE.             "," Step Three, Evaluate the Adversary."," Step Four, Determine Enemy Courses of Action.","Step two, Describe the impact of the EMB.",d,
467,Estado Mayor ,400,"A menudo este factor es analizado en términos de cinco consideraciones; Condiciones Meteorológicas y Oceanográficas, AICOPE, MCOO, SAHTS y consideraciones Cívico culturales.",    Factor ambiental.,      Factor tiempo.,  Factor humano., Factor espacio.,d,
464,Estado Mayor ,400,Área superior a la atmosfera donde sus efectos son tangibles se considera superior a los 100 km. de altitud.,   Espacial.,  Ciberespacial.,     Aéreo-espacial. ,     Aéreo.,a,
470,Estado Mayor ,400,Mediante este proceso se contesta el “entonces qué” de las consideraciones del espacio y tiempo; así como ¿Qué impacto tendrá la interacción del espacio y tiempo sobre las opciones amigas y del adversario?,Determine the effects of the operating environment on both one's own and adversary's capabilities and courses of action.     ,Time factor,Space factor. ,  Human factor.,a,
466,Estado Mayor ,400,Éste paso comienza con la identificación de las características ambientales militarmente significantes de cada dimensión del entorno operacional.,"      Paso uno, Definir el OE.","    Paso dos, Describir el impacto del OE.","       Paso Tres, Evaluar al adversario."," Paso Cuatro, Determinar los Cursos de Acción Enemigos.",b,
469,Estado Mayor ,400,"Conlleva el entorno físico de tierra, mar, espacio aéreo (incluyendo el espacio exterior), clima y condiciones meteorológicas, que influencian el empleo de las fuerzas de tierra, mar y aire.",Environmental factor,Time factor,Space factor,Human factor.,c,
468,Estado Mayor ,400,"Este elemento debe estudiarse para las fuerzas amigas y el adversario, con base en la sucesión de hechos que se establecerán durante el Planeamiento, preparación, ejecución de las operaciones.",     Factor humano.,    Factor tiempo.,    Factor ambiental,    Factor espacio.,b,
479,Estado Mayor ,500,"Es aquel donde todos los indicios, de acuerdo a la inteligencia que se tiene, la doctrina y las capacidades del adversario reflejan que es lo que hará.",The most dangerous.        , The most likely., The closest., The closest.,b,
475,Estado Mayor ,500,"Se estipula que este paso consiste en identificar y evaluar a las fuerzas del adversario, sus limitaciones, doctrina, tácticas, técnicas y procedimientos.","Step 3, evaluate the adversary.    ","Step 4, determine the COAs.","Step 4, determine the ECOAs"," Step 1, analyze the enemy.",a,
477,Estado Mayor ,500,"Mencione el paso en el cual se estipula que el analista desarrolla que muestren cómo el adversario opera normalmente, e identifica capacidades a modo de determinar que ECOAs podría adoptar.","Step 3, evaluate the adversary.   ","Step 4, determine the COAs.","Step 4, determine the ECOAs","Step 1, analyze the enemy.",a,
474,Estado Mayor ,500,"Paso No. 4 “Determinar los ECOAs”, no se puede determinar un ECOA basado solamente en el conocimiento de las capacidades del adversario; sino que es necesario determinar cuál es su objetivo y si es posible su...",Mission ,Purpose, Intention ,Combative Power,a,
476,Estado Mayor ,500,"El Proceso de la Preparación de Inteligencia Conjunta del Entorno Operacional y al paso 3 “Evaluar al adversario”, el analista debe preguntarse:",What does the adversary have?        ,Can the adversary do it?    , Does this achieve its objective?,"If it succeeds, does it affect the fulfillment of our mission?",a,
478,Estado Mayor ,500,"Ningún ___________debe desecharse o pasarse por alto, a menos que sea imposible de llevarse a cabo.", ECOA,      COA,            COG,   ECOG,a,
473,Estado Mayor ,500,"  El Proceso de la Preparación de Inteligencia Conjunta del Entorno Operacional y al Paso No. 4 “Determinar los ECOAs”, para desarrollar un ECOA, el planificador debe preguntarse:",What does the adversary have?         ,Where does it have it?   , And what has you doing in this period of time?  ,Can the adversary do it?,d,
472,Estado Mayor ,500, Indique cual es el significado del acrónimo DRARR. ,"Defend, Retreat, Attack, Reinforce and Delay.        "," Defend, Retreat, Attack, Reinforce and Delay.","  Defend, Retreat, Attack, Reinforce and Retreat. ","Defend, Delay, Attack, Reinforce and Retreat",a,
481,Estado Mayor ,100,"Deben de ser desarrollados a detalle por el planificador, a fin de que durante el desarrollo de los COAs propios, se tome en cuenta cada detalle.","The closest ECOA, as the most dangerous.                  "," The closest COA, as the most dangerous.","The most likely ECOA, as the most dangerous.    ","The closest COA, as the most likely",c,
480,Estado Mayor ,100,"Es aquel que, aunque su probabilidad sea la más baja, pone en peligro nuestra misión.",The most dangerous.           , The most likely. ,  The closest.    , The closest.,a,
482,Estado Mayor ,200,Este paso de la JIPOE esta diseñado para producir como mínimo dos ECOAs.,Step one.                  , Step two. ,  Step three., Step four.,d,
483,Estado Mayor ,200,"De conformidad con el Manual de Planeamiento Operacional Conjunto, es conveniente hacerlo tanto en narrativa como gráfico, empleando la simbología apropiada.",At the time of developing an ECOA ,At the time of carrying out the ECOG, In the offensive operation ,In the defensive operation.,a,
485,Estado Mayor ,300,"  Es aquel que, aunque su probabilidad sea la más baja, pone en peligro nuestra misión La intención.",El más Peligroso.,  El más Probable., DRARR.,el mas proximo,a,
484,Estado Mayor ,300,"  Es aquel donde todos los indicios, de acuerdo a la inteligencia que se tiene, la doctrina y las capacidades del adversario, reflejan que es lo que hará. ",The most likely , The most dangerous.  ,The Closest.   ,  DRARR,a,
486,Estado Mayor ,400,"El Proceso de la Preparación de Inteligencia Conjunta del Entorno Operacional, tanto el ECOA más probable, como el más peligroso, deben ser desarrollados a detalle por ____________, a fin de que durante el desarrollo de los COAs propios, se tome en cuenta cada detalle.",The Planner.      ,J-2 of the JF., The J-3 of the JF,The Commander.,a,
487,Estado Mayor ,400,"El Proceso de la Preparación de Inteligencia Conjunta del Entorno Operacional, está diseñado para producir como mínimo ____________, siendo el más probable el escenario mejor estimado, mientras que el peor escenario sería el más peligroso.", La PICEO,Assess the adversary and other relevant actors.   ,Determination of the ECOG.  ,The Final Step of the JIPOE,d,
488,Estado Mayor ,500,"El proceso de la Preparación de Inteligencia Conjunta del Entorno Operacional, al momento de desarrollar un ECOA, el planificador puede comenzar describiendo ___________________________, y después como serán empleados sus componentes para lograr su objetivo o propósito. convertirse.",The adversary's order of battle.   ,Critical Capabilities (CC).,The Organization and Disposition of the Adversary,The Critical Requirements (CR).,c,
489,Estado Mayor ,500,"El proceso de la Preparación de Inteligencia Conjunta del Entorno Operacional, Este paso final de la JIPOE está diseñado para producir como mínimo ______________________, siendo el más probable el escenario mejor estimado, mientras que el peor escenario sería el más peligroso.",Determine the ECOG.          ,Describe the impact of the EMB.  ," Determine the COG, ECOG, CCs and CVs.",Two ECOAs.,d,
551,Cultura General,100,"¿ De conformidad al P.S.O. de H.A.S., cuál de los siguientes NO es un requisito para ser Persona Consejera?",Buena conducta,Ser asesor jurídico del organismo,Título de licenciatura,Capacitación en género,b,
556,Cultura General,200,¿De conformidad al P.S.O. de H.A.S. qué jerarquía mínima debe tener una Persona Consejera?,Tropa,Suboficial,Oficial o Jefe,General,c,
566,Cultura General,300,¿Qué países serán los anfitriones del Mundial de Fútbol 2026?,"México, Estados Unidos y Canadá","México, Brasil y Canadá","México, Argentina y Canadá","México, Estados Unidos y Chile",a,
572,Cultura General,400,How many access gates does the Azteca Stadium have?,11,12,13,17,a,
574,Cultura General,500,What is the main purpose of the P.S.O. of H.A.S.?,To regulate criminal sanctions only,To handle external civilian complaints,To prevent and address sexual harassment and sexual harassment with a gender perspective,To establish general administrative guidelines,c,
